City_ID,City,Lat,Lng,Max Temp,Humidity,Cloudiness,Wind Speed,Country,Date
0,rikitea,-23.12,-134.97,76.14,80,84,12.08,PF,1606686810
1,georgetown,5.41,100.34,78.8,94,20,2.24,MY,1606686795
2,sao felix do xingu,-6.64,-51.99,78.51,75,100,0.98,BR,1606686810
3,longyearbyen,78.22,15.64,17.6,57,75,9.17,SJ,1606686811
4,lavrentiya,65.58,-171.0,14.7,93,3,12.66,RU,1606686811
5,ushuaia,-54.8,-68.3,50.0,71,75,6.93,AR,1606686535
6,mundo nuevo,18.7,-95.5,78.57,78,0,9.55,MX,1606686811
7,auki,-8.77,160.7,80.71,80,97,4.92,SB,1606686811
8,kidal,18.44,1.41,73.0,20,40,8.61,ML,1606686811
9,sayyan,15.17,44.32,50.81,70,1,1.72,YE,1606686811
10,lebu,-37.62,-73.65,55.69,67,0,26.6,CL,1606686811
11,new norfolk,-42.78,147.06,64.0,42,50,1.99,AU,1606686812
12,arraial do cabo,-22.97,-42.03,77.0,78,0,19.46,BR,1606686812
13,ancud,-41.87,-73.82,53.6,66,75,4.7,CL,1606686812
14,mezhdurechensk,53.69,88.06,11.08,94,100,1.54,RU,1606686812
15,bubaque,11.28,-15.83,82.17,52,77,8.34,GW,1606686812
16,guano,-1.58,-78.63,73.4,78,40,3.36,EC,1606686812
17,qaqortoq,60.72,-46.03,23.0,53,100,3.36,GL,1606686812
18,bowen,-20.02,148.23,78.8,61,75,5.82,AU,1606686589
19,nikolskoye,59.7,30.79,30.2,86,90,13.42,RU,1606686812
20,albany,42.6,-73.97,45.0,49,44,3.24,US,1606686607
21,jalu,29.03,21.55,57.61,66,0,11.21,LY,1606686813
22,puerto ayora,-0.74,-90.35,75.2,78,75,10.29,EC,1606686813
23,miram shah,33.01,70.07,54.97,38,0,3.13,PK,1606686813
24,bluff,-46.6,168.33,55.99,86,100,8.01,NZ,1606686813
25,tasiilaq,65.61,-37.64,14.0,47,0,2.24,GL,1606686813
26,carnarvon,-24.87,113.63,68.0,72,40,23.04,AU,1606686814
27,vila velha,-20.33,-40.29,78.8,74,40,11.41,BR,1606686814
28,nanortalik,60.14,-45.24,28.87,86,100,7.43,GL,1606686814
29,busselton,-33.65,115.33,48.99,96,23,5.99,AU,1606686814
30,padang,-0.95,100.35,77.04,72,81,3.62,ID,1606686814
31,yar-sale,66.83,70.83,19.24,95,100,20.49,RU,1606686814
32,kavieng,-2.57,150.8,79.45,86,100,15.5,PG,1606686814
33,bose,45.46,8.01,43.0,86,0,0.96,IT,1606686814
34,norman wells,65.28,-126.83,-5.8,83,40,4.47,CA,1606686815
35,cape town,-33.93,18.42,61.0,82,20,14.99,ZA,1606686815
36,bathsheba,13.22,-59.52,82.4,78,40,16.11,BB,1606686815
37,tuktoyaktuk,69.45,-133.04,1.4,84,90,9.17,CA,1606686815
38,lompoc,34.64,-120.46,73.4,30,1,9.17,US,1606686692
39,jamestown,42.1,-79.24,45.0,48,1,8.05,US,1606686713
40,dawlatabad,36.41,64.91,42.8,58,54,3.58,AF,1606686816
41,kahului,20.89,-156.47,80.6,57,40,11.41,US,1606686727
42,punta arenas,-53.15,-70.92,50.0,66,75,27.51,CL,1606686694
43,poum,-20.23,164.02,76.82,66,0,15.12,NC,1606686816
44,butaritari,3.07,172.79,82.29,77,25,21.43,KI,1606686816
45,tautira,-17.73,-149.15,86.0,70,20,14.99,PF,1606686816
46,hobart,-42.88,147.33,64.0,62,20,8.05,AU,1606686607
47,conceicao do araguaia,-8.26,-49.26,81.57,60,100,3.13,BR,1606686816
48,kruisfontein,-34.0,24.73,55.99,90,0,1.99,ZA,1606686817
49,popondetta,-8.75,148.25,84.16,68,87,0.72,PG,1606686817
50,hithadhoo,-0.6,73.08,81.91,69,100,8.61,MV,1606686817
51,upernavik,72.79,-56.15,6.96,90,100,19.35,GL,1606686817
52,clyde river,70.47,-68.59,-14.8,75,1,3.36,CA,1606686817
53,ribeira grande,38.52,-28.7,60.8,67,40,10.29,PT,1606686817
54,benguela,-12.58,13.41,78.73,77,63,7.16,AO,1606686817
55,nsanje,-16.92,35.26,79.03,64,18,4.12,MW,1606686817
56,hilo,19.73,-155.09,80.6,61,1,9.17,US,1606686817
57,suntar,62.14,117.63,-12.84,88,20,5.57,RU,1606686818
58,hermanus,-34.42,19.23,54.0,90,0,5.73,ZA,1606686818
59,pemba,-12.97,40.52,80.6,94,40,6.93,MZ,1606686818
60,east london,-33.02,27.91,64.36,78,13,8.34,ZA,1606686818
61,orichi,58.4,49.06,19.33,97,96,6.64,RU,1606686818
62,cabo san lucas,22.89,-109.91,78.01,64,5,9.17,MX,1606686794
63,atuona,-9.8,-139.03,79.25,79,11,22.03,PF,1606686818
64,jining,35.41,116.58,33.31,89,0,4.94,CN,1606686818
65,barrow,71.29,-156.79,3.2,77,90,5.82,US,1606686818
66,iqaluit,63.75,-68.51,-11.2,63,20,14.99,CA,1606686657
67,seidu,9.02,-10.6,69.82,92,99,2.82,SL,1606686819
68,luderitz,-26.65,15.16,59.0,87,0,11.41,NA,1606686819
69,kieta,-6.22,155.63,82.24,77,72,6.8,PG,1606686819
70,thompson,55.74,-97.86,8.6,71,20,4.7,CA,1606686819
71,gao,16.64,1.64,78.57,18,0,10.45,ML,1606686819
72,namatanai,-3.67,152.43,79.95,73,100,5.08,PG,1606686819
73,chapais,49.78,-74.85,26.6,86,90,3.36,CA,1606686819
74,qaanaaq,77.48,-69.36,-16.6,80,99,5.35,GL,1606686820
75,oranjemund,-28.55,16.43,60.17,84,0,9.17,NA,1606686820
76,turayf,31.67,38.66,51.8,71,40,5.82,SA,1606686671
77,torbay,47.67,-52.73,39.2,86,90,24.16,CA,1606686820
78,tanabe,33.73,135.37,49.17,71,0,14.52,JP,1606686820
79,bukama,-9.2,25.85,69.66,94,57,1.57,CD,1606686820
80,fort nelson,58.81,-122.7,35.6,59,20,5.82,CA,1606686798
81,kasongo-lunda,-6.47,16.82,70.93,91,100,0.47,CD,1606686820
82,carrigaline,51.81,-8.4,48.99,93,75,2.24,IE,1606686821
83,manono,-7.3,27.42,69.57,97,100,3.22,CD,1606686821
84,leningradskiy,69.38,178.42,7.07,92,100,14.27,RU,1606686821
85,la plata,-34.92,-57.95,82.99,52,50,3.0,AR,1606686605
86,lasa,46.62,10.7,30.2,80,5,5.82,IT,1606686821
87,lata,40.16,-8.33,55.0,88,51,5.73,PT,1606686821
88,kapaa,22.08,-159.32,77.0,78,75,14.99,US,1606686821
89,te anau,-45.42,167.72,52.16,74,100,0.65,NZ,1606686822
90,bambous virieux,-20.34,57.76,75.2,88,75,6.93,MU,1606686822
91,rocha,-34.48,-54.33,72.0,77,0,6.02,UY,1606686822
92,takoradi,4.88,-1.76,79.43,83,100,6.13,GH,1606686822
93,fukue,32.69,128.84,52.7,72,11,21.03,JP,1606686822
94,mar del plata,-38.0,-57.56,64.4,48,0,16.11,AR,1606686750
95,shubarkuduk,49.14,56.49,13.57,94,0,9.66,KZ,1606686822
96,port alfred,-33.59,26.89,62.83,78,0,8.7,ZA,1606686822
97,margate,51.38,1.39,48.0,84,5,3.69,GB,1606686823
98,genoa,44.41,8.96,50.0,71,0,18.34,IT,1606686823
99,jumla,29.27,82.18,42.44,53,0,4.03,NP,1606686823
100,san andres,12.58,-81.7,77.0,94,90,4.7,CO,1606686823
101,khatanga,71.97,102.5,13.64,95,100,22.84,RU,1606686823
102,mataura,-46.19,168.86,55.99,86,100,8.01,NZ,1606686823
103,severo-kurilsk,50.68,156.12,29.05,93,100,7.52,RU,1606686823
104,esperance,-33.87,121.9,59.0,93,90,16.11,AU,1606686823
105,avarua,-21.21,-159.78,82.4,88,100,6.93,CK,1606686823
106,evensk,61.95,159.23,8.38,77,4,6.4,RU,1606686824
107,fortuna,40.6,-124.16,60.01,59,31,1.99,US,1606686824
108,vestmannaeyjar,63.44,-20.27,35.6,74,20,17.22,IS,1606686824
109,hasaki,35.73,140.83,39.2,80,40,1.12,JP,1606686824
110,porto walter,-8.27,-72.74,75.6,94,100,2.33,BR,1606686824
111,airai,-8.93,125.41,64.04,84,30,1.23,TL,1606686824
112,krasnoarmeysk,51.02,45.7,30.0,84,62,7.0,RU,1606686825
113,cody,44.53,-109.06,41.0,38,1,14.99,US,1606686778
114,bredasdorp,-34.53,20.04,53.6,87,0,2.24,ZA,1606686825
115,san luis,-33.3,-66.34,73.49,46,0,23.0,AR,1606686825
116,chokurdakh,70.63,147.92,-9.11,91,98,11.43,RU,1606686825
117,estevan,49.13,-102.98,30.2,63,1,11.41,CA,1606686825
118,laguna,38.42,-121.42,63.0,36,1,2.95,US,1606686825
119,bethel,41.37,-73.41,51.8,27,1,6.93,US,1606686825
120,sitka,57.05,-135.33,41.0,80,75,10.29,US,1606686825
121,laem sing,12.48,102.07,72.68,75,50,11.54,TH,1606686826
122,roald,62.58,6.13,48.2,61,75,10.29,NO,1606686826
123,nouakchott,18.09,-15.98,68.0,77,100,5.82,MR,1606686729
124,deputatskiy,69.3,139.9,-14.15,89,46,6.58,RU,1606686826
125,aswan,24.09,32.91,59.36,35,0,7.78,EG,1606686826
126,caravelas,-17.71,-39.25,74.84,82,91,7.02,BR,1606686826
127,tacuarembo,-31.73,-55.98,76.91,68,0,4.99,UY,1606686706
128,makakilo city,21.35,-158.09,78.8,61,75,9.17,US,1606686826
129,mount gambier,-37.83,140.77,51.8,93,99,4.7,AU,1606686768
130,vaini,-21.2,-175.2,78.8,78,40,11.41,TO,1606686827
131,belaya gora,68.53,146.42,-16.04,86,91,7.81,RU,1606686827
132,san patricio,28.02,-97.52,71.6,46,1,16.11,US,1606686827
133,dikson,73.51,80.55,32.32,98,100,23.91,RU,1606686827
134,ponta do sol,32.67,-17.1,57.2,82,75,17.22,PT,1606686828
135,hay river,60.82,-115.8,30.2,63,100,12.75,CA,1606686828
136,valdivia,-39.81,-73.25,64.4,42,0,10.29,CL,1606686828
137,tancitaro,19.33,-102.37,73.4,64,90,9.17,MX,1606686828
138,beloha,-25.17,45.05,73.27,92,46,6.98,MG,1606686828
139,saint-philippe,-21.36,55.77,73.4,73,0,6.93,RE,1606686828
140,jilin,43.0,126.0,12.33,95,7,7.52,CN,1606686828
141,virginia beach,36.85,-75.98,59.0,76,70,9.01,US,1606686676
142,banjar,-8.19,114.97,77.0,94,75,3.36,ID,1606686829
143,waitara,-38.92,174.25,55.99,91,100,1.99,NZ,1606686829
144,kenai,60.55,-151.26,26.01,92,90,3.36,US,1606686829
145,hualmay,-11.1,-77.61,68.47,76,67,10.33,PE,1606686829
146,mabaruma,8.2,-59.78,76.87,89,21,2.98,GY,1606686829
147,saint-pierre,-21.34,55.48,73.4,73,0,6.93,RE,1606686829
148,livenka,50.45,38.3,38.73,86,100,13.49,RU,1606686830
149,sasina,44.8,16.74,28.4,92,40,2.24,BA,1606686830
150,natitingou,10.3,1.38,78.8,69,0,4.7,BJ,1606686830
151,constitucion,-35.33,-72.42,63.95,52,0,17.98,CL,1606686831
152,victoria,22.29,114.16,64.0,69,99,1.01,HK,1606686831
153,umm kaddadah,13.6,26.69,65.88,25,0,14.97,SD,1606686831
154,lagoa,39.05,-27.98,60.66,73,98,27.31,PT,1606686831
155,portland,45.52,-122.68,53.01,81,20,2.13,US,1606686614
156,hamada,34.88,132.08,43.0,15,96,11.68,JP,1606686832
157,cabinda,-5.55,12.2,78.49,89,100,5.03,AO,1606686832
158,orangeburg,33.49,-80.86,57.99,93,90,3.36,US,1606686832
159,moron,-34.65,-58.62,84.2,39,0,10.29,AR,1606686761
160,cayenne,4.93,-52.33,80.6,83,0,2.24,GF,1606686832
161,yellowknife,62.46,-114.35,24.01,79,20,4.7,CA,1606686832
162,ordzhonikidze,52.44,61.74,4.84,93,0,2.82,KZ,1606686832
163,launceston,-41.45,147.17,57.99,66,29,2.24,AU,1606686624
164,marienburg,54.04,19.03,30.99,100,73,6.53,PL,1606686833
165,beaverlodge,55.22,-119.44,15.8,92,90,5.82,CA,1606686833
166,seoul,37.57,126.98,24.8,79,1,4.43,KR,1606686595
167,olafsvik,64.89,-23.71,30.6,92,56,15.59,IS,1606686833
168,magadi,12.97,77.23,66.2,100,40,4.7,IN,1606686833
169,palmer,42.16,-72.33,48.2,42,20,4.7,US,1606686820
170,vetluga,57.86,45.78,31.41,99,100,8.39,RU,1606686833
171,manzil salim,35.86,8.48,48.2,87,40,4.7,TN,1606686833
172,araxa,-19.59,-46.94,70.36,68,75,4.07,BR,1606686680
173,broken hill,-31.95,141.43,68.0,37,1,13.87,AU,1606686834
174,calama,-22.47,-68.93,78.8,8,0,25.28,CL,1606686834
175,zeya,53.75,127.27,2.41,84,100,4.12,RU,1606686834
176,roma,43.21,-75.46,51.8,40,1,4.76,US,1606686725
177,coahuayana,18.73,-103.68,80.6,74,75,11.41,MX,1606686834
178,ahipara,-35.17,173.17,68.67,74,100,13.22,NZ,1606686834
179,saint george,37.1,-113.58,59.0,23,1,2.24,US,1606686834
180,tiksi,71.69,128.87,1.69,89,100,20.42,RU,1606686835
181,imbituba,-28.24,-48.67,84.2,66,40,10.29,BR,1606686835
182,kishtwar,33.32,75.77,45.37,55,33,5.21,IN,1606686835
183,srednekolymsk,67.45,153.68,-15.59,89,100,6.78,RU,1606686835
184,dingle,11.0,122.67,74.28,92,1,7.18,PH,1606686835
185,vostok,46.49,135.88,1.71,94,100,4.59,RU,1606686835
186,general roca,-39.03,-67.58,77.0,17,0,8.05,AR,1606686835
187,ocampo,21.65,-101.5,72.86,24,11,13.94,MX,1606686836
188,bambanglipuro,-7.95,110.28,73.6,82,94,2.39,ID,1606686836
189,bengkulu,-3.8,102.27,74.07,85,100,2.89,ID,1606686836
190,uppsala,60.0,17.75,30.2,100,90,3.36,SE,1606686668
191,provideniya,64.38,-173.3,21.2,67,0,15.66,RU,1606686836
192,kodiak,57.79,-152.41,33.8,69,90,6.11,US,1606686836
193,nizhniy kuranakh,58.84,125.49,-0.92,91,100,6.35,RU,1606686836
194,meulaboh,4.14,96.13,75.47,90,61,4.9,ID,1606686836
195,chumphon,10.33,98.83,71.11,98,40,2.98,TH,1606686837
196,ostrow wielkopolski,51.66,17.81,31.26,94,87,2.91,PL,1606686837
197,fishers,39.96,-86.01,50.0,57,1,0.63,US,1606686837
198,zapolyarnyy,69.42,30.81,30.2,86,75,28.86,RU,1606686837
199,vanimo,-2.67,141.3,78.21,87,100,6.08,PG,1606686837
200,sao raimundo nonato,-9.02,-42.7,78.15,52,100,3.67,BR,1606686838
201,turukhansk,65.82,87.98,-2.34,92,100,13.2,RU,1606686838
202,sept-iles,50.2,-66.38,30.2,68,58,12.75,CA,1606686838
203,saint anthony,45.02,-93.22,35.6,37,1,16.11,US,1606686619
204,ghanzi,-21.57,21.78,74.53,50,99,5.88,BW,1606686838
205,alofi,-19.06,-169.92,78.8,94,75,8.05,NU,1606686838
206,chuy,-33.7,-53.46,70.81,78,3,8.55,UY,1606686838
207,bilibino,68.05,166.44,-12.96,87,100,1.1,RU,1606686838
208,sao filipe,14.9,-24.5,74.28,67,97,9.55,CV,1606686839
209,san juan,-31.54,-68.54,81.43,29,0,23.69,AR,1606686839
210,brae,60.4,-1.35,48.2,93,100,26.4,GB,1606686839
211,port hardy,50.7,-127.42,44.6,93,90,23.04,CA,1606686839
212,tabanan,-8.54,115.13,77.0,94,75,3.36,ID,1606686839
213,nuuk,64.18,-51.72,30.2,68,100,24.16,GL,1606686821
214,itoman,26.12,127.67,68.0,64,75,18.34,JP,1606686840
215,klaksvik,62.23,-6.59,42.8,81,73,21.92,FO,1606686840
216,kupang,-10.17,123.58,77.0,100,20,2.24,ID,1606686840
217,yerbogachen,61.28,108.01,-5.15,91,81,7.0,RU,1606686840
218,leh,34.17,77.58,21.83,87,98,3.58,IN,1606686840
219,tura,25.52,90.22,60.49,73,0,3.04,IN,1606686614
220,sambava,-14.27,50.17,75.24,82,19,4.07,MG,1606686841
221,saint-augustin,51.23,-58.65,27.36,93,54,15.12,CA,1606686841
222,shache,38.42,77.24,17.65,91,0,1.19,CN,1606686841
223,moose factory,51.26,-80.61,24.8,92,90,2.24,CA,1606686841
224,homer,59.64,-151.55,33.8,92,90,0.85,US,1606686841
225,road town,18.42,-64.62,80.6,74,40,11.41,VG,1606686783
226,gorontalo,0.54,123.06,76.14,88,77,2.1,ID,1606686842
227,salalah,17.02,54.09,77.0,73,75,2.24,OM,1606686842
228,mogadishu,2.04,45.34,79.61,82,0,11.95,SO,1606686842
229,rutland,43.62,-73.02,46.4,45,1,3.36,US,1606686842
230,saint-doulchard,47.1,2.35,37.4,92,90,6.93,FR,1606686842
231,kadoma,34.73,135.58,43.0,93,20,4.7,JP,1606686842
232,alugan,12.22,125.48,80.35,84,87,15.84,PH,1606686842
233,kununurra,-15.77,128.73,80.6,94,61,6.93,AU,1606686842
234,porto novo,6.5,2.6,82.4,83,20,9.17,BJ,1606686843
235,seydi,39.48,62.91,32.27,81,100,15.77,TM,1606686843
236,danjiangkou,32.54,111.51,40.53,76,14,3.47,CN,1606686664
237,hambantota,6.12,81.12,77.0,94,0,8.05,LK,1606686843
238,rosa zarate,0.33,-79.47,77.83,75,97,3.65,EC,1606686843
239,dukat,62.55,155.55,-8.66,82,30,2.3,RU,1606686843
240,puerto quijarro,-17.78,-57.77,93.94,29,85,1.3,BO,1606686843
241,nan,18.83,100.67,62.67,91,2,2.01,TH,1606686844
242,alice springs,-23.7,133.88,87.01,26,6,9.17,AU,1606686844
243,bokod,47.49,18.25,37.4,97,90,10.29,HU,1606686844
244,bereda,43.27,-7.54,48.0,100,100,3.0,ES,1606686844
245,rognan,67.1,15.39,44.6,86,75,13.87,NO,1606686844
246,waipawa,-41.41,175.52,59.0,87,100,20.8,NZ,1606686844
247,uptar,59.75,150.92,3.87,94,100,5.99,RU,1606686844
248,zarubino,42.63,131.09,23.59,85,0,17.9,RU,1606686844
249,mount isa,-20.73,139.5,87.8,45,0,2.24,AU,1606686845
250,saskylakh,71.92,114.08,13.1,93,97,16.98,RU,1606686845
251,banyo,6.75,11.82,68.31,41,12,2.91,CM,1606686845
252,banda aceh,5.56,95.32,78.44,78,100,3.51,ID,1606686845
253,sungaipenuh,-2.08,101.38,62.94,89,48,1.54,ID,1606686845
254,zacualpan,21.25,-105.17,82.4,42,5,6.93,MX,1606686845
255,iberia,29.95,-91.75,60.8,87,90,19.46,US,1606686845
256,ngunguru,-35.62,174.5,69.01,84,100,11.99,NZ,1606686846
257,piopio,-38.47,175.02,60.01,89,100,3.0,NZ,1606686846
258,balkhash,46.84,74.98,4.5,90,8,6.53,KZ,1606686846
259,lokosovo,61.13,74.82,1.67,93,50,7.09,RU,1606686846
260,san ignacio,17.16,-89.07,89.6,59,20,4.83,BZ,1606686846
261,port elizabeth,-33.92,25.57,59.0,87,0,3.36,ZA,1606686846
262,touros,-5.2,-35.46,80.6,74,40,12.75,BR,1606686846
263,cidreira,-30.18,-50.21,77.11,81,0,5.95,BR,1606686847
264,faya,18.39,42.45,59.0,76,0,1.21,SA,1606686847
265,praia da vitoria,38.73,-27.07,60.01,71,75,27.49,PT,1606686847
266,sakaiminato,35.55,133.23,48.2,70,75,12.75,JP,1606686847
267,ukiah,39.15,-123.21,64.99,31,1,3.36,US,1606686847
268,la paz,-16.5,-68.15,60.8,49,40,9.17,BO,1606686757
269,taoudenni,22.68,-3.98,69.15,24,100,5.93,ML,1606686847
270,gunjur,13.2,-16.73,75.2,83,0,13.51,GM,1606686848
271,ternate,0.8,127.4,79.59,80,99,5.32,ID,1606686848
272,samana,19.21,-69.34,87.8,70,20,7.78,DO,1606686848
273,shaping,22.75,112.96,57.0,74,100,3.0,CN,1606686848
274,ravar,31.27,56.81,59.02,34,100,3.36,IR,1606686848
275,ivanava,52.15,25.54,30.2,99,100,6.93,BY,1606686848
276,gravdal,68.12,13.5,44.6,81,75,27.51,NO,1606686848
277,pisco,-13.7,-76.22,68.0,82,0,23.04,PE,1606686848
278,cherskiy,68.75,161.3,-9.42,90,100,3.0,RU,1606686848
279,mumford,5.26,-0.76,79.72,85,11,8.55,GH,1606686849
280,shubarshi,48.59,57.19,12.81,93,0,7.56,KZ,1606686849
281,sungurlu,40.17,34.37,38.98,64,94,0.76,TR,1606686557
282,husavik,66.04,-17.34,30.2,86,75,2.91,IS,1606686849
283,kyaikkami,16.08,97.57,76.3,76,7,6.46,MM,1606686849
284,xian,34.26,108.93,39.99,76,78,6.71,CN,1606686849
285,yeniseysk,58.45,92.17,1.99,91,37,0.45,RU,1606686849
286,santa rosa,14.31,121.11,75.2,94,40,1.12,PH,1606686850
287,killybegs,54.63,-8.45,47.82,86,100,11.1,IE,1606686850
288,camacha,33.08,-16.33,59.0,72,75,21.92,PT,1606686850
289,kaputa,-8.47,29.66,68.85,84,99,5.95,ZM,1606686850
290,claresholm,50.03,-113.59,44.6,20,73,8.05,CA,1606686850
291,dagana,16.52,-15.51,80.6,47,0,11.9,MR,1606686850
292,caranavi,-15.82,-67.55,72.09,89,100,1.61,BO,1606686850
293,xuddur,4.12,43.89,76.55,54,0,8.14,SO,1606686850
294,vao,-22.67,167.48,73.44,61,0,9.78,NC,1606686850
295,kaitangata,-46.28,169.85,55.99,92,100,3.0,NZ,1606686851
296,nara,34.69,135.8,43.0,93,20,4.7,JP,1606686851
297,rio grande,-32.03,-52.1,84.2,54,20,6.93,BR,1606686851
298,smithers,54.78,-127.17,33.8,69,75,8.05,CA,1606686851
299,itarema,-2.92,-39.92,80.4,76,68,16.49,BR,1606686852
300,esterhazy,50.65,-102.08,24.8,68,0,9.17,CA,1606686852
301,denpasar,-8.65,115.22,77.0,94,75,3.36,ID,1606686688
302,pangnirtung,66.15,-65.71,8.6,84,90,5.82,CA,1606686852
303,bustamante,26.53,-100.5,70.93,35,26,7.58,MX,1606686852
304,san antero,9.37,-75.76,80.47,85,45,8.57,CO,1606686852
305,dezhou,37.45,116.29,29.17,84,0,4.99,CN,1606686852
306,zhovti vody,48.35,33.5,37.4,86,90,4.47,UA,1606686852
307,saldanha,-33.01,17.94,59.0,77,0,9.17,ZA,1606686853
308,werda,-25.27,23.28,80.02,40,74,6.93,BW,1606686853
309,ucluelet,48.93,-125.55,46.0,100,90,5.82,CA,1606686853
310,castro,-24.79,-50.01,68.63,87,100,5.91,BR,1606686853
311,upata,8.01,-62.4,84.99,72,50,3.0,VE,1606686853
312,havelock,34.88,-76.9,63.0,72,75,9.17,US,1606686635
313,florida,28.75,-82.5,78.8,65,1,4.7,US,1606686575
314,la ronge,55.1,-105.28,30.2,54,46,3.36,CA,1606686853
315,manaure,11.78,-72.44,83.48,76,94,16.6,CO,1606686854
316,lucapa,-8.42,20.74,65.41,97,97,2.53,AO,1606686854
317,nabire,-3.37,135.48,78.39,85,100,2.93,ID,1606686854
318,kalmunai,7.42,81.82,77.92,86,97,5.35,LK,1606686854
319,high rock,26.62,-78.28,78.8,65,75,6.93,BS,1606686854
320,umm lajj,25.02,37.27,72.45,50,0,13.02,SA,1606686854
321,celestun,20.87,-90.4,79.86,76,14,12.41,MX,1606686854
322,komsomolskiy,40.43,71.72,30.2,80,0,4.7,UZ,1606686854
323,washington,47.5,-120.5,39.99,74,74,4.07,US,1606686806
324,vung tau,10.35,107.08,76.93,85,100,8.75,VN,1606686855
325,bulawayo,-20.15,28.58,67.84,82,55,3.91,ZW,1606686855
326,havre,49.58,0.33,37.4,100,90,4.7,FR,1606686855
327,farad,47.61,17.2,37.4,74,75,6.93,HU,1606686855
328,yushan,31.38,120.95,50.0,75,0,6.71,CN,1606686855
329,ambilobe,-13.2,49.05,74.73,84,41,2.8,MG,1606686855
330,liuzhou,24.31,109.39,48.07,71,0,9.64,CN,1606686856
331,moba,33.23,105.02,29.07,99,100,2.71,CN,1606686856
332,tiarei,-17.53,-149.33,86.0,70,20,14.99,PF,1606686856
333,baie-comeau,49.22,-68.15,30.2,80,20,5.82,CA,1606686856
334,port-cartier,50.03,-66.87,30.2,68,20,12.75,CA,1606686856
335,san quintin,30.48,-115.95,68.61,35,0,9.06,MX,1606686856
336,camalu,30.85,-116.07,75.0,9,0,5.01,MX,1606686856
337,luanda,-8.84,13.23,80.6,83,40,8.05,AO,1606686856
338,upington,-28.45,21.26,77.0,15,0,4.7,ZA,1606686761
339,puerto narino,-3.77,-70.38,80.6,88,75,5.82,CO,1606686857
340,souillac,-20.52,57.52,75.2,88,75,6.93,MU,1606686857
341,mahebourg,-20.41,57.7,75.2,88,75,6.93,MU,1606686857
342,rancho veloz,22.88,-80.39,82.4,48,40,6.93,CU,1606686857
343,geraldton,-28.77,114.6,64.4,68,97,16.11,AU,1606686857
344,adrar,20.5,-10.07,70.32,26,100,6.31,MR,1606686857
345,high level,58.52,-117.14,15.8,100,20,5.01,CA,1606686696
346,ban nahin,18.24,104.21,60.03,71,46,5.64,LA,1606686858
347,talara,-4.58,-81.27,69.6,79,93,14.65,PE,1606686858
348,port lincoln,-34.73,135.87,63.39,72,0,16.13,AU,1606686735
349,dhidhdhoo,6.88,73.1,82.22,77,19,10.13,MV,1606686858
350,fairbanks,64.84,-147.72,10.0,77,40,1.77,US,1606686858
351,whitehorse,60.72,-135.05,26.6,79,20,21.92,CA,1606686858
352,puri,19.8,85.85,66.2,77,4,6.85,IN,1606686858
353,saurimo,-9.66,20.39,64.65,97,41,3.71,AO,1606686858
354,susuman,62.78,148.17,-14.15,84,24,0.74,RU,1606686858
355,sinjar,36.32,41.88,50.5,74,0,3.74,IQ,1606686859
356,tadpatri,14.92,78.02,69.78,93,10,5.23,IN,1606686859
357,richards bay,-28.78,32.04,65.88,78,7,4.21,ZA,1606686859
358,genhe,50.78,121.52,-3.19,90,96,3.4,CN,1606686859
359,limoux,42.92,2.17,45.0,93,0,2.24,FR,1606686859
360,saint-joseph,-21.37,55.62,73.4,73,0,6.93,RE,1606686859
361,ekibastuz,51.67,75.37,4.95,94,100,12.21,KZ,1606686859
362,north auburn,38.93,-121.08,61.0,37,1,2.57,US,1606686859
363,hokitika,-42.72,170.97,54.75,80,100,8.23,NZ,1606686860
364,haifa,32.82,34.99,59.0,82,0,4.7,IL,1606686860
365,kerouane,9.27,-9.02,80.08,47,64,2.51,GN,1606686860
366,rawson,-43.3,-65.1,59.0,38,0,12.44,AR,1606686860
367,casa grande,32.88,-111.76,72.0,15,1,10.29,US,1606686860
368,lazaro cardenas,17.96,-102.2,81.72,71,1,7.02,MX,1606686860
369,saint-francois,46.42,3.91,35.6,97,90,3.36,FR,1606686860
370,isangel,-19.55,169.27,77.52,55,1,7.81,VU,1606686861
371,lodja,-3.48,23.43,67.68,94,97,1.01,CD,1606686861
372,libreville,0.39,9.45,80.6,88,75,8.05,GA,1606686861
373,ratnapura,6.68,80.4,74.39,83,80,1.19,LK,1606686861
374,castelo branco,39.82,-7.49,51.01,93,99,7.0,PT,1606686861
375,sterling,39.01,-77.43,55.0,50,1,5.82,US,1606686861
376,tabou,4.42,-7.35,79.07,82,58,3.78,CI,1606686798
377,terney,45.05,136.61,12.67,87,0,7.78,RU,1606686861
378,tommot,58.96,126.29,-0.45,90,100,10.2,RU,1606686861
379,fare,-16.7,-151.02,82.02,74,7,9.89,PF,1606686862
380,turtas,58.94,69.13,4.78,94,0,2.66,RU,1606686862
381,kargil,34.57,76.1,21.92,91,100,1.72,IN,1606686862
382,micheweni,-4.97,39.83,79.63,80,77,4.41,TZ,1606686862
383,henties bay,-22.12,14.28,57.99,90,5,4.61,NA,1606686862
384,adelaide,-34.93,138.6,69.01,52,0,2.24,AU,1606686766
385,teguldet,57.31,88.17,4.82,94,55,3.18,RU,1606686862
386,faanui,-16.48,-151.75,81.1,77,8,9.53,PF,1606686862
387,gat,31.61,34.76,57.99,82,0,2.24,IL,1606686863
388,garissa,-0.45,39.64,79.52,72,26,9.35,KE,1606686863
389,chicama,-7.84,-79.15,71.71,67,27,8.97,PE,1606686863
390,diffa,13.32,12.61,72.59,21,0,8.86,NE,1606686863
391,nemuro,43.32,145.57,34.3,84,23,9.53,JP,1606686863
392,baykit,61.67,96.37,3.58,90,97,3.02,RU,1606686863
393,bandarbeyla,9.49,50.81,76.48,78,0,11.36,SO,1606686864
394,talnakh,69.49,88.4,6.8,84,90,26.84,RU,1606686864
395,inzer,54.22,57.56,20.73,95,82,1.43,RU,1606686864
396,ambulu,-8.35,113.61,76.21,89,96,3.49,ID,1606686864
397,krasnoselkup,65.7,82.47,7.56,94,100,14.45,RU,1606686864
398,thinadhoo,0.53,72.93,81.68,69,25,7.16,MV,1606686864
399,narsaq,60.92,-46.05,23.0,53,100,3.36,GL,1606686864
400,dinguiraye,11.3,-10.72,77.72,32,96,3.31,GN,1606686864
401,tet,47.52,17.51,37.4,74,75,6.93,HU,1606686865
402,tomigusuku,26.18,127.67,68.0,64,75,18.34,JP,1606686865
403,shabo,46.13,30.39,41.0,86,90,6.71,UA,1606686865
404,omboue,-1.57,9.26,76.71,89,92,4.14,GA,1606686865
405,olinda,-8.01,-34.86,78.8,61,40,9.17,BR,1606686817
406,katsuura,35.13,140.3,48.2,66,40,6.93,JP,1606686865
407,bahia blanca,-38.72,-62.27,68.29,24,0,14.43,AR,1606686866
408,valparaiso,-33.04,-71.63,78.8,46,0,16.11,CL,1606686866
409,honiara,-9.43,159.95,80.6,83,75,5.82,SB,1606686644
410,acarau,-2.89,-40.12,80.53,75,85,16.53,BR,1606686866
411,belgrade,44.8,20.47,35.6,85,75,3.36,RS,1606686697
412,varnavino,57.4,45.09,31.6,99,100,8.61,RU,1606686866
413,ilulissat,69.22,-51.1,28.4,63,100,19.46,GL,1606686866
414,san carlos de bariloche,-41.15,-71.31,59.0,49,0,23.04,AR,1606686624
415,coquimbo,-29.95,-71.34,64.4,68,0,13.87,CL,1606686792
416,tual,-5.67,132.75,83.98,68,100,4.68,ID,1606686867
417,guerrero negro,27.98,-114.06,72.39,32,0,11.52,MX,1606686867
418,westport,41.14,-73.36,51.8,40,1,5.82,US,1606686661
419,hariana,31.64,75.84,55.78,38,0,1.9,IN,1606686867
420,trairi,-3.28,-39.27,80.65,75,86,11.65,BR,1606686867
421,abhar,36.15,49.22,40.01,88,99,4.72,IR,1606686867
422,marovoay,-16.1,46.63,82.4,78,40,4.7,MG,1606686867
423,durres,41.32,19.44,50.0,87,90,2.24,AL,1606686629
424,erdenet,49.03,104.08,1.42,89,1,3.33,MN,1606686868
425,zhezkazgan,47.8,67.71,1.58,91,0,8.1,KZ,1606686868
426,biak,-0.91,122.88,77.76,80,98,2.39,ID,1606686868
427,san rafael,-34.62,-68.33,76.71,25,0,14.99,AR,1606686868
428,balykshi,47.07,51.87,24.8,85,95,20.13,KZ,1606686868
429,karratha,-20.74,116.85,80.33,36,0,8.68,AU,1606686868
430,qujing,25.48,103.78,44.85,89,93,4.7,CN,1606686868
431,mpophomeni,-29.57,30.19,54.68,97,100,1.92,ZA,1606686869
432,bell ville,-32.63,-62.69,79.0,48,100,14.0,AR,1606686869
433,ranong,9.97,98.63,76.44,85,63,6.33,TH,1606686869
434,wanning,18.8,110.4,69.1,80,100,15.82,CN,1606686869
435,quatre cocos,-20.21,57.76,75.2,88,75,6.93,MU,1606686869
436,jaque,7.52,-78.17,80.04,78,83,2.28,PA,1606686869
437,north platte,41.12,-100.77,39.2,25,1,18.34,US,1606686869
438,smirnykh,49.75,142.83,17.31,92,100,4.79,RU,1606686869
439,sergeyevka,53.88,67.42,2.25,94,93,4.5,KZ,1606686870
440,akdepe,42.06,59.38,28.4,74,0,16.11,TM,1606686870
441,aksha,50.28,113.29,5.74,88,8,5.97,RU,1606686870
442,shitanjing,39.23,106.34,15.49,88,91,2.64,CN,1606686870
443,aykhal,66.0,111.5,-2.2,84,0,2.24,RU,1606686870
444,san clemente,33.43,-117.61,73.99,37,0,1.01,US,1606686789
445,schwedt,53.06,14.28,42.01,81,100,1.01,DE,1606686870
446,sidney,-33.87,151.21,69.01,64,75,10.29,AU,1606686702
447,grand-santi,4.25,-54.38,75.16,95,88,2.57,GF,1606686870
448,coihueco,-36.62,-71.83,78.8,19,0,14.99,CL,1606686871
449,quelimane,-17.88,36.89,80.6,83,0,8.05,MZ,1606686871
450,uige,-7.61,15.06,68.09,95,100,1.97,AO,1606686871
451,leon,21.12,-101.67,80.6,22,5,11.41,MX,1606686727
452,rosetta,31.4,30.42,59.0,87,40,3.36,EG,1606686871
453,sinnamary,5.38,-52.95,79.59,85,29,8.99,GF,1606686871
454,pevek,69.7,170.31,-2.22,93,100,6.26,RU,1606686871
455,alyangula,-13.85,136.42,78.8,94,70,1.12,AU,1606686872
456,quanzhou,24.91,118.59,64.4,63,75,13.42,CN,1606686872
457,ellisras,-23.66,27.74,72.61,76,34,17.29,ZA,1606686872
458,waitati,-45.75,170.57,51.01,87,100,13.0,NZ,1606686872
459,nueva londres,-25.4,-56.55,91.24,39,62,3.0,PY,1606686872
460,plouzane,48.38,-4.62,48.2,93,0,2.24,FR,1606686873
461,the valley,18.22,-63.06,82.4,69,20,8.05,AI,1606686873
462,matara,5.95,80.54,75.65,89,99,2.95,LK,1606686873
463,grand gaube,-20.01,57.66,75.0,82,2,4.0,MU,1606686873
464,pafos,34.77,32.42,59.0,77,40,8.05,CY,1606686873
465,newcastle,-32.93,151.78,69.01,72,90,10.29,AU,1606686817
466,agirish,61.92,63.02,12.92,94,0,6.51,RU,1606686873
467,oyem,1.6,11.58,68.65,90,46,2.26,GA,1606686648
468,labytnangi,66.66,66.42,18.23,92,100,15.64,RU,1606686873
469,fershampenuaz,53.52,59.81,9.5,93,0,1.12,RU,1606686874
470,los algarrobos,8.5,-82.43,86.0,70,40,9.17,PA,1606686874
471,victor harbor,-35.57,138.62,66.0,60,32,1.01,AU,1606686874
472,deloraine,-41.53,146.67,57.99,67,52,1.01,AU,1606686874
473,corinto,37.94,22.96,55.99,67,99,3.67,GR,1606686874
474,puerres,1.19,-77.27,58.39,88,71,1.48,CO,1606686874
475,chulym,55.1,80.96,4.73,94,84,1.95,RU,1606686874
476,maumere,-8.62,122.21,82.45,66,42,2.35,ID,1606686874
477,ewa beach,21.32,-158.01,78.8,61,75,9.17,US,1606686791
478,powell river,49.85,-124.54,42.8,86,90,8.05,CA,1606686875
479,antigonish,45.62,-62.0,39.0,89,91,1.99,CA,1606686875
480,kutum,14.2,24.67,57.92,31,0,6.4,SD,1606686875
481,rena,61.13,11.36,19.0,91,0,2.82,NO,1606686875
482,avera,33.19,-82.53,59.0,92,90,3.36,US,1606686875
483,severodvinsk,64.56,39.83,19.4,85,90,4.47,RU,1606686875
484,burns lake,54.23,-125.75,28.4,79,100,5.82,CA,1606686875
485,solvychegodsk,61.33,46.92,19.42,95,96,6.76,RU,1606686876
486,nang rong,14.64,102.79,68.67,67,96,11.41,TH,1606686876
487,doha,25.29,51.53,73.4,83,0,2.24,QA,1606686694
488,ostrovnoy,68.05,39.51,28.6,94,100,30.96,RU,1606686876
489,visby,57.64,18.3,35.6,93,62,3.36,SE,1606686627
490,codrington,-38.27,141.97,56.57,76,95,8.93,AU,1606686876
491,uglegorsk,49.08,142.03,21.61,93,100,8.3,RU,1606686876
492,redencao,-4.23,-38.73,82.4,78,40,12.75,BR,1606686714
493,panaba,21.28,-88.27,80.62,80,68,6.85,MX,1606686876
494,washougal,45.58,-122.35,53.01,62,1,19.46,US,1606686877
495,puerto leguizamo,-0.19,-74.78,84.31,67,81,2.46,CO,1606686877
496,nome,64.5,-165.41,12.2,66,1,5.82,US,1606686877
497,goderich,43.75,-81.72,46.4,65,100,13.87,CA,1606686605
498,loa janan,-0.58,117.09,72.9,97,100,3.13,ID,1606686877
499,awjilah,29.11,21.29,57.36,72,0,9.93,LY,1606686877
500,abu dhabi,24.47,54.37,71.6,78,0,2.24,AE,1606686877
501,namibe,-15.2,12.15,72.64,73,100,5.41,AO,1606686877
502,zhigansk,66.77,123.37,-3.39,92,100,12.75,RU,1606686877
503,malpe,13.35,74.72,77.0,83,20,3.36,IN,1606686878
504,san felipe,10.34,-68.74,75.61,90,43,4.99,VE,1606686878
505,san cristobal,7.77,-72.22,87.8,55,40,3.36,VE,1606686878
506,sturgis,41.8,-85.42,48.2,62,1,6.93,US,1606686878
507,bam,29.11,58.36,60.94,30,97,2.1,IR,1606686878
508,balabac,7.99,117.06,81.34,77,100,10.0,PH,1606686878
509,dabat,12.98,37.77,52.39,79,27,2.17,ET,1606686878
510,paamiut,61.99,-49.67,27.23,85,6,11.68,GL,1606686878
511,nazare,-13.04,-39.01,72.18,93,100,3.71,BR,1606686879
512,batemans bay,-35.72,150.18,64.99,83,84,1.01,AU,1606686879
513,oneida,43.2,-75.47,51.8,40,1,4.88,US,1606686879
514,ewo,-0.87,14.82,75.07,72,66,2.89,CG,1606686879
515,mattru,7.62,-11.83,74.62,94,100,1.9,SL,1606686879
516,ostersund,63.18,14.64,19.4,100,0,3.36,SE,1606686607
517,necochea,-38.55,-58.74,60.01,64,72,20.69,AR,1606686879
518,birjand,32.87,59.22,53.6,30,40,11.41,IR,1606686879
519,inirida,3.87,-67.92,78.93,91,42,2.98,CO,1606686880
520,kirakira,-10.45,161.92,83.01,72,100,7.58,SB,1606686880
521,palanga,55.92,21.07,32.0,84,98,1.12,LT,1606686880
522,yolombo,6.6,-75.01,68.0,68,40,2.24,CO,1606686880
523,solnechnyy,50.72,136.63,7.88,93,100,1.21,RU,1606686880
524,frontignan,43.45,3.75,44.6,80,0,5.82,FR,1606686881
525,tibati,6.47,12.63,71.87,33,39,3.91,CM,1606686881
526,tutoia,-2.76,-42.27,80.42,79,41,10.78,BR,1606686881
527,wajima,37.4,136.9,48.56,82,63,6.2,JP,1606686881
528,bonavista,48.65,-53.11,37.99,100,100,9.17,CA,1606686677
529,saint-denis,48.92,2.33,37.0,77,90,4.7,FR,1606686784
530,svetlogorsk,52.63,29.73,30.33,97,86,7.4,BY,1606686881
531,boali,4.8,18.13,76.03,44,51,1.68,CF,1606686882
532,korsakov,46.63,142.78,14.0,92,40,2.24,RU,1606686882
533,hearst,49.68,-83.67,19.4,85,100,6.93,CA,1606686882
534,adre,13.47,22.2,67.8,23,0,13.94,TD,1606686882
